feature,coefficient
fixed acidity,0.05528456921620344
volatile acidity,-0.1877789217656707
citric acid,0.002673078844761048
residual sugar,0.4132432920200864
chlorides,-0.005401938356216165
free sulfur dioxide,0.06347716932949335
total sulfur dioxide,-0.012142472523161777
density,-0.4494401082756694
pH,0.10362773636056832
sulphates,0.07206042183366562
alcohol,0.23807086575449898
