feature,coefficient
density,-0.4494401082756694
residual sugar,0.4132432920200864
alcohol,0.23807086575449898
volatile acidity,-0.1877789217656707
pH,0.10362773636056832
sulphates,0.07206042183366562
free sulfur dioxide,0.06347716932949335
fixed acidity,0.05528456921620344
total sulfur dioxide,-0.012142472523161777
chlorides,-0.005401938356216165
citric acid,0.002673078844761048
